screen_id,file_name,category,profile,expected_result,expected_binary_result,final_status,applied_rule,diff_roi_count,pass_roi_count,fail_roi_count,total_diff_area_ratio,overall_ssim,minimum_roi_ssim,confirmed_missing_text_count,bidirectional_text_presence_count,high_confidence_text_mismatch_count,high_confidence_spacing_mismatch_count,matched_text_brightness_loss,localized_text_brightness_loss,progress_bar_fill_delta,gradient_smooth_color_area_delta,gradient_color_histogram_distance,chromatic_color_area_ratio,card_top_color_area_ratio,largest_roi_area_ratio,largest_roi_ssim,memo,final_reasons
11-10,11-10.png,card_ui,card_ui_profile,FAIL,FAIL,FAIL,card_ui_localized_transform,3,3,0,0.052899,0.856614,0.09361,0,0,0,0,0.0,0.0,,0.000142,0.086669,0.000438,0.0,0.049163,0.197564,모델 B 기준에서 카드 전체 좌우 반전,"카드 한 개의 전경 구조가 반전·교체된 것으로 판단됨: area=0.049163, ssim=0.197564"
11-35,11-35.png,card_ui,card_ui_profile,FAIL,FAIL,FAIL,card_ui_localized_missing_text,2,2,0,0.024357,0.919298,0.221591,0,0,0,0,0.0,0.0,,0.002118,0.33636,0.043525,0.013145,0.023255,0.377911,좌측 이상 글씨 검출,카드 UI에서 국소 텍스트 누락이 검출됨
11-36,11-36.png,text_list,text_list_profile,FAIL,FAIL,FAIL,bidirectional_text_presence_difference,1,1,0,0.001971,0.995668,0.140599,0,1,0,0,0.0,0.0,,0.0,0.0,0.0,0.0,0.001971,0.140599,모델 B 기준에서 메뉴 존재 여부 변경,Reference와 Capture 중 한쪽에만 중요한 텍스트가 존재함: count=1
11-8,11-8.png,card_ui,card_ui_profile,PASS,PASS,PASS,within_tolerance,3,3,0,0.018086,0.963571,0.646764,0,0,0,0,0.0,0.0,,0.0,0.0,0.0,0.0,0.016338,0.722428,사람 기준 통과 가능,선택된 카테고리의 PASS 허용 임계값 이내
12-27,12-27.png,status_time,status_time_profile,PASS,PASS,PASS,within_tolerance,3,3,0,0.013486,0.973313,0.198343,0,0,0,0,0.0,0.0,,0.0,0.0,0.0,0.0,0.008309,0.297187,사람 기준 통과 가능,선택된 카테고리의 PASS 허용 임계값 이내
12-29,12-29.png,setting_control,setting_control_profile,PASS,PASS,PASS,within_tolerance,8,8,0,0.058875,0.908322,0.149019,0,1,0,0,0.0,0.0,,0.0,0.0,0.00446,0.0,0.020911,0.624402,사람 기준 통과 가능,선택된 카테고리의 PASS 허용 임계값 이내
12-38,12-38.png,setting_control,setting_control_profile,PASS,PASS,PASS,within_tolerance,8,8,0,0.058875,0.9089,0.149019,0,1,0,0,0.0,0.0,,0.0,0.0,0.003402,0.0,0.020911,0.624402,사람 기준 통과 가능,선택된 카테고리의 PASS 허용 임계값 이내
12-94,12-94.png,setting_control,setting_control_profile,FAIL,FAIL,FAIL,bidirectional_text_presence_difference,2,2,0,0.005692,0.988342,0.086577,0,2,0,0,0.0,-94.0,,0.0,0.0,0.002402,0.0,0.003091,0.086577,모델 B 기준에서 숫자와 단위 존재 여부 변경,Reference와 Capture 중 한쪽에만 중요한 텍스트가 존재함: count=2
13-12,13-12.png,status_time,status_time_profile,FAIL,FAIL,FAIL,status_progress_bar_difference,15,15,0,0.059792,0.835497,0.008295,0,2,0,0,0.0,0.0,0.028125,0.0,0.0,0.0,0.0,0.020361,0.240654,게이지 검사 옵션 ON 기준 채워진 정도 다름,진행 상태 바의 채워진 길이 차이가 허용 기준을 초과함: delta=0.028125
13-2,13-2.png,status_time,status_time_profile,PASS,PASS,PASS,within_tolerance,13,13,0,0.081665,0.821406,0.008249,0,2,0,0,0.0,0.0,0.01875,0.0,0.0,0.0,0.0,0.036307,0.516776,사람 기준 통과 가능,선택된 카테고리의 PASS 허용 임계값 이내
14-10,14-10.png,status_time,status_time_profile,FAIL,FAIL,FAIL,confirmed_missing_text,6,5,1,0.051815,0.926511,0.063926,1,0,0,0,0.0,0.0,,0.0,0.0,0.0,0.0,0.029578,0.368322,글씨 아예 없음,중요 텍스트 누락 또는 교체 증거 1개
14-11,14-11.png,status_time,status_time_profile,PASS,PASS,PASS,within_tolerance,10,10,0,0.009552,0.975603,0.354535,0,0,0,0,0.0,0.0,,0.0,0.0,0.0,0.0,0.002144,0.369904,사람 기준 통과 가능,선택된 카테고리의 PASS 허용 임계값 이내
14-21,14-21.png,status_time,status_time_profile,PASS,PASS,PASS,within_tolerance,7,7,0,0.063984,0.896932,0.19305,0,0,0,0,0.0,0.0,,0.0,0.0,0.0,0.0,0.028547,0.414073,사람 기준 통과 가능,선택된 카테고리의 PASS 허용 임계값 이내
14-23,14-23.png,status_time,status_time_profile,PASS,PASS,PASS,within_tolerance,17,17,0,0.063747,0.890844,0.058106,0,0,0,0,0.0,0.0,,0.0,0.0,0.0,0.0,0.019067,0.500407,사람 기준 통과 가능,선택된 카테고리의 PASS 허용 임계값 이내
14-24,14-24.png,card_ui,card_ui_profile,FAIL,FAIL,FAIL,card_ui_gradient_color_difference,19,19,0,0.069139,0.876255,0.160575,0,3,0,0,0.0,0.0,,0.182511,0.909886,0.140286,0.030923,0.007905,0.420052,카드 UI 그라데이션 색 빠짐,"카드 UI의 부드러운 그라데이션 영역에서 색 분포 차이가 검출됨: area_delta=0.182511, histogram_distance=0.909886"
14-25,14-25.png,card_ui,card_ui_profile,FAIL,FAIL,FAIL,card_ui_gradient_color_difference,21,21,0,0.054377,0.885535,0.092329,0,1,0,0,0.0,0.0,,0.033677,0.99613,0.03509,0.007349,0.009876,0.69917,카드 UI 그라데이션 색 빠짐,"카드 UI의 부드러운 그라데이션 영역에서 색 분포 차이가 검출됨: area_delta=0.033677, histogram_distance=0.99613"
14-3,14-3.png,status_time,status_time_profile,PASS,PASS,PASS,within_tolerance,8,8,0,0.074886,0.887623,0.180352,0,0,2,0,0.0,0.0,,0.0,0.0,0.0,0.0,0.029019,0.45562,사람 기준 통과 가능,선택된 카테고리의 PASS 허용 임계값 이내
14-32,14-32.png,status_time,status_time_profile,PASS,PASS,PASS,within_tolerance,16,16,0,0.064409,0.889606,0.058106,0,1,0,0,0.0,0.0,,0.0,0.0,0.0,0.0,0.019067,0.500407,사람 기준 통과 가능,선택된 카테고리의 PASS 허용 임계값 이내
14-33,14-33.png,card_ui,card_ui_profile,FAIL,FAIL,FAIL,card_ui_gradient_color_difference,14,14,0,0.178678,0.792548,0.053577,0,2,0,0,0.0,0.0,,0.069113,0.933412,0.089746,0.012382,0.11494,0.651261,중앙 그림 구성이 아예 다름,"카드 UI의 부드러운 그라데이션 영역에서 색 분포 차이가 검출됨: area_delta=0.069113, histogram_distance=0.933412"
14-34,14-34.png,card_ui,card_ui_profile,FAIL,FAIL,FAIL,card_ui_gradient_color_difference,22,22,0,0.104346,0.846983,0.092329,0,2,0,0,0.0,0.0,,0.069113,0.933412,0.065889,0.01181,0.06201,0.562633,중앙 그림 구성이 아예 다름,"카드 UI의 부드러운 그라데이션 영역에서 색 분포 차이가 검출됨: area_delta=0.069113, histogram_distance=0.933412"
14-8,14-8.png,text_list,text_list_profile,FAIL,FAIL,FAIL,text_list_large_difference,10,10,0,0.075853,0.882908,0.176237,0,1,0,0,0.0,0.0,,0.0,0.0,0.0,0.0,0.028841,0.428404,좌측 위 그림 빠짐,텍스트 목록의 넓은 영역에서 누락 또는 구조 차이가 검출됨
14-9,14-9.png,text_list,text_list_profile,PASS,PASS,PASS,within_tolerance,8,8,0,0.053638,0.917372,0.257618,0,0,1,0,0.0,0.0,,0.0,0.0,0.0,0.0,0.028083,0.257618,사람 기준 통과 가능,선택된 카테고리의 PASS 허용 임계값 이내
15-1,15-1.png,text_list,text_list_profile,PASS,PASS,PASS,within_tolerance,13,13,0,0.030454,0.930722,-0.01391,0,2,0,0,0.0,0.0,,0.0,0.0,0.0,0.0,0.005148,0.318956,사람 기준 통과 가능,선택된 카테고리의 PASS 허용 임계값 이내
15-12,15-12.png,setting_control,setting_control_profile,PASS,PASS,PASS,within_tolerance,11,11,0,0.043506,0.866141,0.002811,0,2,1,0,0.0,102.0,,0.0,0.0,0.0,0.0,0.013416,0.079609,사람 기준 통과 가능,선택된 카테고리의 PASS 허용 임계값 이내
15-13,15-13.png,setting_control,setting_control_profile,PASS,PASS,PASS,within_tolerance,10,10,0,0.062171,0.859654,0.074995,0,0,1,0,0.0,255.0,,0.0,0.0,0.0,0.0,0.018418,0.076117,사람 기준 통과 가능,선택된 카테고리의 PASS 허용 임계값 이내
15-14,15-14.png,setting_control,setting_control_profile,PASS,PASS,PASS,within_tolerance,10,10,0,0.063687,0.859905,0.074995,0,0,1,0,0.0,255.0,,0.0,0.0,0.0,0.0,0.018418,0.076117,사람 기준 통과 가능,선택된 카테고리의 PASS 허용 임계값 이내
15-147,15-147.png,text_list,text_list_profile,FAIL,FAIL,FAIL,text_list_multiple_text_mismatches,9,9,0,0.044754,0.89786,0.067113,0,2,5,0,0.0,0.0,,0.0,0.0,0.0,0.0,0.007575,0.067113,상태 표시 아이콘 다름,신뢰도 높은 텍스트 불일치가 여러 ROI에서 검출됨: count=5
15-149,15-149.png,text_list,text_list_profile,FAIL,FAIL,FAIL,text_list_multiple_text_mismatches,10,10,0,0.060449,0.874577,0.18804,0,1,3,0,0.0,0.0,,0.0,0.0,0.0,0.0,0.023638,0.235546,글씨 구성 위치가 아예 다름,신뢰도 높은 텍스트 불일치가 여러 ROI에서 검출됨: count=3
15-150,15-150.png,popup,popup_profile,PASS,PASS,PASS,within_tolerance,3,3,0,0.002474,0.990388,0.529021,0,0,0,0,0.0,0.0,,0.0,0.0,0.0,0.0,0.00124,0.529021,사람 기준 통과 가능,선택된 카테고리의 PASS 허용 임계값 이내
15-22,15-22.png,text_list,text_list_profile,PASS,PASS,PASS,within_tolerance,5,5,0,0.006071,0.985976,0.140632,0,0,0,0,0.0,0.0,,0.0,0.0,0.0,0.0,0.003903,0.302876,사람 기준 통과 가능,선택된 카테고리의 PASS 허용 임계값 이내
15-27,15-27.png,text_list,text_list_profile,PASS,PASS,PASS,within_tolerance,8,8,0,0.008018,0.982446,0.108264,0,0,0,0,0.0,0.0,,0.0,0.0,0.0,0.0,0.003903,0.302876,사람 기준 통과 가능,선택된 카테고리의 PASS 허용 임계값 이내
15-4,15-4.png,text_list,text_list_profile,FAIL,FAIL,FAIL,text_list_brightness_loss,14,14,0,0.044769,0.907969,-0.01391,0,1,0,0,91.4286,0.0,,0.0,0.0,0.0,0.0,0.009139,0.27919,글씨 밝기 희미함,내용은 같지만 Capture 텍스트 밝기·대비가 크게 감소함: brightness_loss=91.4286
15-49,15-49.png,text_list,text_list_profile,PASS,PASS,PASS,within_tolerance,9,9,0,0.00925,0.979944,0.10697,0,0,0,0,0.0,0.0,,0.0,0.0,0.0,0.0,0.003903,0.302876,사람 기준 통과 가능,선택된 카테고리의 PASS 허용 임계값 이내
15-51,15-51.png,text_list,text_list_profile,PASS,PASS,PASS,within_tolerance,7,7,0,0.009268,0.980927,0.097597,0,0,0,0,0.0,0.0,,0.0,0.0,0.0,0.0,0.003903,0.302876,사람 기준 통과 가능,선택된 카테고리의 PASS 허용 임계값 이내
15-62,15-62.png,text_list,text_list_profile,FAIL,FAIL,FAIL,text_list_brightness_loss,6,6,0,0.033477,0.916916,-0.224961,0,0,0,0,118.6667,0.0,,0.0,0.0,0.0,0.0,0.009577,0.281535,글씨 밝기 희미함,내용은 같지만 Capture 텍스트 밝기·대비가 크게 감소함: brightness_loss=118.6667
15-63,15-63.png,guide_image,guide_image_profile,FAIL,FAIL,FAIL,guide_image_large_difference,6,6,0,0.090975,0.834099,0.069091,0,0,2,0,0.0,0.0,,0.0,0.0,0.0,0.0,0.039199,0.404431,좌측 그림이 아예 다름,"안내 그림의 넓은 영역에서 구조 차이가 검출됨: area=0.090975, roi_count=6"
15-64,15-64.png,guide_image,guide_image_profile,FAIL,FAIL,FAIL,guide_image_large_difference,6,6,0,0.092925,0.831249,0.069091,0,0,2,0,0.0,0.0,,0.0,0.0,0.0,0.0,0.040436,0.229994,좌측 그림이 아예 다름,"안내 그림의 넓은 영역에서 구조 차이가 검출됨: area=0.092925, roi_count=6"
15-65,15-65.png,guide_image,guide_image_profile,FAIL,FAIL,FAIL,guide_image_large_difference,6,6,0,0.091567,0.829463,0.069091,0,0,2,0,0.0,0.0,,0.0,0.0,0.0,0.0,0.049395,0.270708,좌측 그림이 아예 다름,"안내 그림의 넓은 영역에서 구조 차이가 검출됨: area=0.091567, roi_count=6"
15-66,15-66.png,guide_image,guide_image_profile,FAIL,FAIL,FAIL,guide_image_large_difference,6,6,0,0.089979,0.837323,0.069091,0,0,2,0,0.0,0.0,,0.0,0.0,0.0,0.0,0.042284,0.257863,좌측 그림이 아예 다름,"안내 그림의 넓은 영역에서 구조 차이가 검출됨: area=0.089979, roi_count=6"
15-67,15-67.png,text_list,text_list_profile,PASS,PASS,PASS,within_tolerance,19,19,0,0.04353,0.904422,-0.224961,0,0,1,0,0.0,0.0,,0.0,0.0,0.0,0.0,0.005854,-0.224961,사람 기준 통과 가능,선택된 카테고리의 PASS 허용 임계값 이내
16-17,16-17.png,card_ui,card_ui_profile,PASS,PASS,PASS,within_tolerance,11,11,0,0.029655,0.922324,0.084684,0,0,0,0,0.0,0.0,,0.000822,0.042334,0.003893,0.0,0.005231,0.084684,사람 기준 통과 가능,선택된 카테고리의 PASS 허용 임계값 이내
16-19,16-19.png,card_ui,card_ui_profile,PASS,PASS,PASS,within_tolerance,11,11,0,0.029782,0.921392,0.084684,0,0,0,0,0.0,0.0,,0.000822,0.042334,0.004198,0.0,0.005231,0.084684,사람 기준 통과 가능,선택된 카테고리의 PASS 허용 임계값 이내
16-4,16-4.png,card_ui,card_ui_profile,PASS,PASS,PASS,within_tolerance,10,10,0,0.029922,0.928968,0.084684,0,0,0,0,0.0,0.0,,0.000156,0.0,0.002765,0.0,0.005231,0.084684,사람 기준 통과 가능,선택된 카테고리의 PASS 허용 임계값 이내
18-3,18-3.png,popup,popup_profile,FAIL,FAIL,FAIL,popup_gradient_color_difference,1,1,0,0.181094,0.892283,0.610803,0,0,1,0,0.0,0.0,,0.212448,0.843904,0.0,0.0,0.181094,0.610803,"팝업 그라데이션 색, 게이지 위치, 글씨 전체 위치 다름","팝업의 보라색 그라데이션 영역에서 색 분포 차이가 검출됨: area_delta=0.212448, histogram_distance=0.843904"
18-4,18-4.png,popup,popup_profile,FAIL,FAIL,FAIL,popup_gradient_color_difference,1,1,0,0.181294,0.89181,0.609012,0,0,0,0,0.0,0.0,,0.212201,0.843833,0.0,0.0,0.181294,0.609012,"팝업 그라데이션 색, 게이지 위치, 글씨 전체 위치 다름","팝업의 보라색 그라데이션 영역에서 색 분포 차이가 검출됨: area_delta=0.212201, histogram_distance=0.843833"
18-5,18-5.png,popup,popup_profile,FAIL,FAIL,FAIL,popup_gradient_color_difference,1,1,0,0.167472,0.915255,0.649766,0,0,0,0,0.0,0.0,,0.226245,0.845894,0.0,0.0,0.167472,0.649766,"팝업 그라데이션 색, 게이지 위치, 글씨 전체 위치 다름","팝업의 보라색 그라데이션 영역에서 색 분포 차이가 검출됨: area_delta=0.226245, histogram_distance=0.845894"
2-11,2-11.png,popup,popup_profile,FAIL,FAIL,FAIL,popup_component_presence_difference,1,1,0,0.002495,0.996005,0.08807,0,0,0,0,0.0,0.0,,0.0,0.0,0.0,0.0,0.002495,0.08807,모델 B 기준에서 팝업 버튼 글자 존재 여부 변경,팝업의 버튼 글자·아이콘이 한쪽 화면에만 존재함
2-14,2-14.png,popup,popup_profile,PASS,PASS,PASS,no_difference,0,0,0,0.0,1.0,1.0,0,0,0,0,0.0,0.0,,0.0,0.0,0.0,0.0,0.0,1.0,사람 기준 통과 가능,차이 ROI가 검출되지 않음
2-21,2-21.png,popup,popup_profile,PASS,PASS,PASS,within_tolerance,1,1,0,0.002655,0.980581,0.142321,0,0,0,0,0.0,0.0,,0.0,0.0,0.0,0.0,0.002655,0.142321,사람 기준 통과 가능,선택된 카테고리의 PASS 허용 임계값 이내
2-30,2-30.png,popup,popup_profile,PASS,PASS,PASS,no_difference,0,0,0,0.0,1.0,1.0,0,0,0,0,0.0,0.0,,0.0,0.0,0.0,0.0,0.0,1.0,사람 기준 통과 가능,차이 ROI가 검출되지 않음
2-39,2-39.png,popup,popup_profile,PASS,PASS,PASS,within_tolerance,1,1,0,0.016035,0.972627,0.498444,0,0,0,0,0.0,0.0,,0.0,0.0,0.0,0.0,0.016035,0.498444,사람 기준 통과 가능,선택된 카테고리의 PASS 허용 임계값 이내
2-40,2-40.png,popup,popup_profile,PASS,PASS,PASS,within_tolerance,1,1,0,0.015964,0.972717,0.500092,0,0,0,0,0.0,0.0,,0.0,0.0,0.0,0.0,0.015964,0.500092,사람 기준 통과 가능,선택된 카테고리의 PASS 허용 임계값 이내
2-8,2-8.png,popup,popup_profile,FAIL,FAIL,PASS,no_difference,0,0,0,0.0,1.0,1.0,0,0,0,0,0.0,0.0,,0.0,0.0,0.0,0.0,0.0,1.0,모델 B 기준에서 UP 아이콘 존재 여부 변경,차이 ROI가 검출되지 않음
3-1,3-1.png,card_ui,card_ui_profile,PASS,PASS,PASS,within_tolerance,6,6,0,0.045275,0.904622,0.188701,0,1,0,0,0.0,0.0,,0.006401,0.161424,0.000902,0.0,0.024302,0.304049,사람 기준 통과 가능,선택된 카테고리의 PASS 허용 임계값 이내
3-2,3-2.png,card_ui,card_ui_profile,PASS,PASS,PASS,within_tolerance,1,1,0,0.023844,0.923072,0.356591,0,0,0,0,0.0,0.0,,0.002004,0.344751,0.043924,0.013145,0.023844,0.356591,사람 기준 통과 가능,선택된 카테고리의 PASS 허용 임계값 이내
3-23,3-23.png,card_ui,card_ui_profile,PASS,PASS,PASS,within_tolerance,1,1,0,0.049233,0.900768,0.411217,0,0,0,0,0.0,0.0,,0.0,0.0,0.0,0.0,0.049233,0.411217,움직이는 카드 배경 차이는 검사에서 제외,선택된 카테고리의 PASS 허용 임계값 이내
3-25,3-25.png,card_ui,card_ui_profile,FAIL,FAIL,FAIL,card_ui_chrome_color_difference,1,1,0,0.00238,0.985515,0.732802,0,0,0,0,0.0,0.0,,3.3e-05,0.114808,0.000633,0.002562,0.00238,0.732802,모델 B 기준에서 상단 글자 색상 변경,움직이는 카드 배경을 제외한 상단 UI 글자·탭 색상이 달라짐: color_area=0.002562
3-26,3-26.png,text_list,text_list_profile,PASS,PASS,PASS,within_tolerance,24,24,0,0.017438,0.965452,0.32379,0,0,2,0,0.0,0.0,,0.0,0.0,0.0,0.0,0.002067,0.582592,사람 기준 통과 가능,선택된 카테고리의 PASS 허용 임계값 이내
3-27,3-27.png,text_list,text_list_profile,FAIL,FAIL,FAIL,bidirectional_text_presence_difference,1,1,0,0.003812,0.993455,0.071353,0,1,0,0,0.0,0.0,,0.0,0.0,0.0,0.0,0.003812,0.071353,모델 B 기준에서 선택 메뉴 존재 여부 변경,Reference와 Capture 중 한쪽에만 중요한 텍스트가 존재함: count=1
4-1,4-1.png,setting_control,setting_control_profile,FAIL,FAIL,FAIL,setting_text_brightness_loss,1,1,0,0.001003,0.998972,0.711542,0,0,0,0,0.0,124.0,,0.0,0.0,0.0,0.0,0.001003,0.711542,60°C 글씨 색 희미함,"설정 화면의 국소 글자 밝기가 크게 감소함: roi_count=1, brightness_loss=124.0"
4-20,4-20.png,setting_control,setting_control_profile,PASS,PASS,PASS,within_tolerance,10,10,0,0.0546,0.905211,0.152828,0,0,0,0,0.0,0.0,,0.0,0.0,0.008906,0.0,0.0163,0.627912,사람 기준 통과 가능,선택된 카테고리의 PASS 허용 임계값 이내
4-3,4-3.png,setting_control,setting_control_profile,FAIL,FAIL,FAIL,setting_chromatic_color_difference,0,0,0,0.0,0.999997,1.0,0,0,0,0,0.0,0.0,,0.0,0.0,0.00222,0.0,0.0,1.0,모델 B 기준에서 선택 글자 색상 변경,흑백 밝기는 비슷하지만 설정 글자·선택값의 색상이 달라짐: color_area=0.00222
4-43,4-43.png,setting_control,setting_control_profile,PASS,PASS,PASS,within_tolerance,10,10,0,0.0546,0.90579,0.152828,0,0,0,0,0.0,0.0,,0.0,0.0,0.007848,0.0,0.0163,0.627912,사람 기준 통과 가능,선택된 카테고리의 PASS 허용 임계값 이내
4-8,4-8.png,setting_control,setting_control_profile,FAIL,FAIL,FAIL,bidirectional_text_presence_difference,1,1,0,0.003582,0.994052,0.089631,0,1,0,0,0.0,255.0,,0.0,0.0,0.0,0.0,0.003582,0.089631,상단 좌측 글씨 아예 빠짐,Reference와 Capture 중 한쪽에만 중요한 텍스트가 존재함: count=1
4-9,4-9.png,setting_control,setting_control_profile,FAIL,FAIL,FAIL,bidirectional_text_presence_difference,1,1,0,0.003582,0.994052,0.089631,0,1,0,0,0.0,255.0,,0.0,0.0,0.0,0.0,0.003582,0.089631,상단 좌측 글씨 아예 빠짐,Reference와 Capture 중 한쪽에만 중요한 텍스트가 존재함: count=1
5-22,5-22.png,popup,popup_profile,PASS,PASS,PASS,within_tolerance,2,2,0,0.007752,0.986078,0.141483,0,0,0,0,0.0,0.0,,0.0,0.0,0.0,0.0,0.006138,0.141483,사람 기준 통과 가능,선택된 카테고리의 PASS 허용 임계값 이내
5-24,5-24.png,popup,popup_profile,PASS,PASS,PASS,within_tolerance,2,2,0,0.007752,0.986078,0.141483,0,0,0,0,0.0,0.0,,0.0,0.0,0.0,0.0,0.006138,0.141483,사람 기준 통과 가능,선택된 카테고리의 PASS 허용 임계값 이내
7-12,7-12.png,card_ui,card_ui_profile,PASS,PASS,PASS,within_tolerance,1,1,0,0.023215,0.926423,0.386041,0,0,0,0,0.0,0.0,,0.002118,0.345619,0.043429,0.013145,0.023215,0.386041,사람 기준 통과 가능,선택된 카테고리의 PASS 허용 임계값 이내
7-5,7-5.png,card_ui,card_ui_profile,PASS,PASS,PASS,within_tolerance,6,6,0,0.045078,0.911587,0.245126,0,1,0,0,0.0,0.0,,0.00638,0.160959,0.000902,0.0,0.024302,0.304049,사람 기준 통과 가능,선택된 카테고리의 PASS 허용 임계값 이내
8-1,8-1.png,status_time,status_time_profile,PASS,PASS,PASS,within_tolerance,2,2,0,0.006676,0.986705,0.214317,0,0,0,0,0.0,0.0,,0.0,0.0,0.0,0.0,0.004759,0.214317,사람 기준 통과 가능,선택된 카테고리의 PASS 허용 임계값 이내
8-10,8-10.png,status_time,status_time_profile,PASS,PASS,PASS,within_tolerance,8,8,0,0.044666,0.930072,0.177331,0,0,1,0,0.0,0.0,,0.0,0.0,0.0,0.0,0.032388,0.381912,사람 기준 통과 가능,선택된 카테고리의 PASS 허용 임계값 이내
8-3,8-3.png,status_time,status_time_profile,FAIL,FAIL,FAIL,bidirectional_text_presence_difference,1,1,0,0.006566,0.989135,0.136107,0,1,0,0,0.0,0.0,,0.0,0.0,0.0,0.0,0.006566,0.136107,모델 B 기준에서 상태 문구 존재 여부 변경,Reference와 Capture 중 한쪽에만 중요한 텍스트가 존재함: count=1
8-7,8-7.png,status_time,status_time_profile,FAIL,FAIL,FAIL,status_localized_blur_difference,1,1,0,0.012658,0.979933,0.089051,0,0,0,0,0.0,0.0,,0.0,0.0,0.0,0.0,0.012658,0.089051,모델 B 기준에서 상태 문구 흐림 발생,상태 문구가 한쪽 화면에서 현저하게 흐려짐
