screen_id,file_name,category,profile,expected_result,expected_binary_result,final_status,applied_rule,diff_roi_count,pass_roi_count,fail_roi_count,total_diff_area_ratio,overall_ssim,minimum_roi_ssim,confirmed_missing_text_count,high_confidence_text_mismatch_count,high_confidence_spacing_mismatch_count,matched_text_brightness_loss,localized_text_brightness_loss,progress_bar_fill_delta,gradient_smooth_color_area_delta,gradient_color_histogram_distance,memo,final_reasons
11-10,11-10.png,card_ui,card_ui_profile,PASS,PASS,PASS,within_tolerance,6,6,0,0.00813,0.911762,-0.083883,0,0,0,0.0,0.0,,0.000142,0.086669,사람 기준 통과 가능,선택된 카테고리의 PASS 허용 임계값 이내
11-35,11-35.png,card_ui,card_ui_profile,FAIL,FAIL,PASS,no_difference,0,0,0,0.0,1.0,1.0,0,0,0,0.0,0.0,,0.0,0.0,좌측 이상 글씨 검출,차이 ROI가 검출되지 않음
11-36,11-36.png,text_list,text_list_profile,PASS,PASS,PASS,no_difference,0,0,0,0.0,1.0,1.0,0,0,0,0.0,0.0,,0.0,0.0,사람 기준 통과 가능,차이 ROI가 검출되지 않음
11-8,11-8.png,card_ui,card_ui_profile,PASS,PASS,PASS,within_tolerance,3,3,0,0.018086,0.963571,0.646764,0,0,0,0.0,0.0,,0.0,0.0,사람 기준 통과 가능,선택된 카테고리의 PASS 허용 임계값 이내
12-27,12-27.png,status_time,status_time_profile,PASS,PASS,PASS,within_tolerance,3,3,0,0.013486,0.973313,0.198343,0,0,0,0.0,0.0,,0.0,0.0,사람 기준 통과 가능,선택된 카테고리의 PASS 허용 임계값 이내
12-29,12-29.png,setting_control,setting_control_profile,PASS,PASS,PASS,within_tolerance,8,8,0,0.058875,0.908322,0.149019,0,0,0,0.0,0.0,,0.0,0.0,사람 기준 통과 가능,선택된 카테고리의 PASS 허용 임계값 이내
12-38,12-38.png,setting_control,setting_control_profile,PASS,PASS,PASS,within_tolerance,8,8,0,0.058875,0.9089,0.149019,0,0,0,0.0,0.0,,0.0,0.0,사람 기준 통과 가능,선택된 카테고리의 PASS 허용 임계값 이내
12-94,12-94.png,setting_control,setting_control_profile,PASS,PASS,PASS,no_difference,0,0,0,0.0,1.0,1.0,0,0,0,0.0,0.0,,0.0,0.0,사람 기준 통과 가능,차이 ROI가 검출되지 않음
13-12,13-12.png,status_time,status_time_profile,FAIL,FAIL,FAIL,status_progress_bar_difference,15,15,0,0.059792,0.835497,0.008295,0,0,0,0.0,0.0,0.028125,0.0,0.0,게이지 검사 옵션 ON 기준 채워진 정도 다름,진행 상태 바의 채워진 길이 차이가 허용 기준을 초과함: delta=0.028125
13-2,13-2.png,status_time,status_time_profile,PASS,PASS,PASS,within_tolerance,13,13,0,0.081665,0.821406,0.008249,0,0,0,0.0,0.0,0.01875,0.0,0.0,사람 기준 통과 가능,선택된 카테고리의 PASS 허용 임계값 이내
14-10,14-10.png,status_time,status_time_profile,FAIL,FAIL,PASS,no_difference,0,0,0,0.0,1.0,1.0,0,0,0,0.0,0.0,,0.0,0.0,글씨 아예 없음,차이 ROI가 검출되지 않음
14-11,14-11.png,status_time,status_time_profile,PASS,PASS,PASS,within_tolerance,10,10,0,0.009552,0.975603,0.354535,0,0,0,0.0,0.0,,0.0,0.0,사람 기준 통과 가능,선택된 카테고리의 PASS 허용 임계값 이내
14-21,14-21.png,status_time,status_time_profile,PASS,PASS,PASS,within_tolerance,7,7,0,0.063984,0.896932,0.19305,0,0,0,0.0,0.0,,0.0,0.0,사람 기준 통과 가능,선택된 카테고리의 PASS 허용 임계값 이내
14-23,14-23.png,status_time,status_time_profile,PASS,PASS,PASS,within_tolerance,17,17,0,0.063747,0.890844,0.058106,0,0,0,0.0,0.0,,0.0,0.0,사람 기준 통과 가능,선택된 카테고리의 PASS 허용 임계값 이내
14-24,14-24.png,card_ui,card_ui_profile,FAIL,FAIL,PASS,no_difference,0,0,0,0.0,1.0,1.0,0,0,0,0.0,0.0,,0.0,0.0,카드 UI 그라데이션 색 빠짐,차이 ROI가 검출되지 않음
14-25,14-25.png,card_ui,card_ui_profile,FAIL,FAIL,PASS,no_difference,0,0,0,0.0,1.0,1.0,0,0,0,0.0,0.0,,0.0,0.0,카드 UI 그라데이션 색 빠짐,차이 ROI가 검출되지 않음
14-3,14-3.png,status_time,status_time_profile,PASS,PASS,PASS,within_tolerance,8,8,0,0.074886,0.887623,0.180352,0,2,0,0.0,0.0,,0.0,0.0,사람 기준 통과 가능,선택된 카테고리의 PASS 허용 임계값 이내
14-32,14-32.png,status_time,status_time_profile,PASS,PASS,PASS,within_tolerance,16,16,0,0.064409,0.889606,0.058106,0,0,0,0.0,0.0,,0.0,0.0,사람 기준 통과 가능,선택된 카테고리의 PASS 허용 임계값 이내
14-33,14-33.png,card_ui,card_ui_profile,FAIL,FAIL,FAIL,card_ui_gradient_color_difference,14,14,0,0.178678,0.792548,0.053577,0,0,0,0.0,0.0,,0.069113,0.933412,중앙 그림 구성이 아예 다름,"카드 UI의 부드러운 그라데이션 영역에서 색 분포 차이가 검출됨: area_delta=0.069113, histogram_distance=0.933412"
14-34,14-34.png,card_ui,card_ui_profile,FAIL,FAIL,FAIL,card_ui_gradient_color_difference,22,22,0,0.104346,0.846983,0.092329,0,0,0,0.0,0.0,,0.069113,0.933412,중앙 그림 구성이 아예 다름,"카드 UI의 부드러운 그라데이션 영역에서 색 분포 차이가 검출됨: area_delta=0.069113, histogram_distance=0.933412"
14-8,14-8.png,text_list,text_list_profile,FAIL,FAIL,PASS,no_difference,0,0,0,0.0,1.0,1.0,0,0,0,0.0,0.0,,0.0,0.0,좌측 위 그림 빠짐,차이 ROI가 검출되지 않음
14-9,14-9.png,text_list,text_list_profile,PASS,PASS,PASS,within_tolerance,8,8,0,0.053638,0.917372,0.257618,0,1,0,0.0,0.0,,0.0,0.0,사람 기준 통과 가능,선택된 카테고리의 PASS 허용 임계값 이내
15-1,15-1.png,text_list,text_list_profile,PASS,PASS,PASS,within_tolerance,13,13,0,0.030454,0.930722,-0.01391,0,0,0,0.0,0.0,,0.0,0.0,사람 기준 통과 가능,선택된 카테고리의 PASS 허용 임계값 이내
15-12,15-12.png,setting_control,setting_control_profile,PASS,PASS,PASS,within_tolerance,11,11,0,0.043506,0.866141,0.002811,0,1,0,0.0,102.0,,0.0,0.0,사람 기준 통과 가능,선택된 카테고리의 PASS 허용 임계값 이내
15-13,15-13.png,setting_control,setting_control_profile,PASS,PASS,PASS,within_tolerance,10,10,0,0.062171,0.859654,0.074995,0,1,0,0.0,255.0,,0.0,0.0,사람 기준 통과 가능,선택된 카테고리의 PASS 허용 임계값 이내
15-14,15-14.png,setting_control,setting_control_profile,PASS,PASS,PASS,within_tolerance,10,10,0,0.063687,0.859905,0.074995,0,1,0,0.0,255.0,,0.0,0.0,사람 기준 통과 가능,선택된 카테고리의 PASS 허용 임계값 이내
15-147,15-147.png,text_list,text_list_profile,FAIL,FAIL,FAIL,text_list_multiple_text_mismatches,9,9,0,0.044754,0.89786,0.067113,0,5,0,0.0,0.0,,0.0,0.0,상태 표시 아이콘 다름,신뢰도 높은 텍스트 불일치가 여러 ROI에서 검출됨: count=5
15-149,15-149.png,text_list,text_list_profile,FAIL,FAIL,FAIL,text_list_multiple_text_mismatches,10,10,0,0.060449,0.874577,0.18804,0,3,0,0.0,0.0,,0.0,0.0,글씨 구성 위치가 아예 다름,신뢰도 높은 텍스트 불일치가 여러 ROI에서 검출됨: count=3
15-150,15-150.png,popup,popup_profile,PASS,PASS,PASS,within_tolerance,3,3,0,0.002474,0.990388,0.529021,0,0,0,0.0,0.0,,0.0,0.0,사람 기준 통과 가능,선택된 카테고리의 PASS 허용 임계값 이내
15-22,15-22.png,text_list,text_list_profile,PASS,PASS,PASS,within_tolerance,5,5,0,0.006071,0.985976,0.140632,0,0,0,0.0,0.0,,0.0,0.0,사람 기준 통과 가능,선택된 카테고리의 PASS 허용 임계값 이내
15-27,15-27.png,text_list,text_list_profile,PASS,PASS,PASS,within_tolerance,8,8,0,0.008018,0.982446,0.108264,0,0,0,0.0,0.0,,0.0,0.0,사람 기준 통과 가능,선택된 카테고리의 PASS 허용 임계값 이내
15-4,15-4.png,text_list,text_list_profile,FAIL,FAIL,PASS,no_difference,0,0,0,0.0,1.0,1.0,0,0,0,0.0,0.0,,0.0,0.0,글씨 밝기 희미함,차이 ROI가 검출되지 않음
15-49,15-49.png,text_list,text_list_profile,PASS,PASS,PASS,within_tolerance,9,9,0,0.00925,0.979944,0.10697,0,0,0,0.0,0.0,,0.0,0.0,사람 기준 통과 가능,선택된 카테고리의 PASS 허용 임계값 이내
15-51,15-51.png,text_list,text_list_profile,PASS,PASS,PASS,within_tolerance,7,7,0,0.009268,0.980927,0.097597,0,0,0,0.0,0.0,,0.0,0.0,사람 기준 통과 가능,선택된 카테고리의 PASS 허용 임계값 이내
15-62,15-62.png,text_list,text_list_profile,FAIL,FAIL,PASS,no_difference,0,0,0,0.0,1.0,1.0,0,0,0,0.0,0.0,,0.0,0.0,글씨 밝기 희미함,차이 ROI가 검출되지 않음
15-63,15-63.png,guide_image,guide_image_profile,FAIL,FAIL,FAIL,guide_image_large_difference,6,6,0,0.090975,0.834099,0.069091,0,2,0,0.0,0.0,,0.0,0.0,좌측 그림이 아예 다름,"안내 그림의 넓은 영역에서 구조 차이가 검출됨: area=0.090975, roi_count=6"
15-64,15-64.png,guide_image,guide_image_profile,FAIL,FAIL,FAIL,guide_image_large_difference,6,6,0,0.092925,0.831249,0.069091,0,2,0,0.0,0.0,,0.0,0.0,좌측 그림이 아예 다름,"안내 그림의 넓은 영역에서 구조 차이가 검출됨: area=0.092925, roi_count=6"
15-65,15-65.png,guide_image,guide_image_profile,FAIL,FAIL,FAIL,guide_image_large_difference,6,6,0,0.091567,0.829463,0.069091,0,2,0,0.0,0.0,,0.0,0.0,좌측 그림이 아예 다름,"안내 그림의 넓은 영역에서 구조 차이가 검출됨: area=0.091567, roi_count=6"
15-66,15-66.png,guide_image,guide_image_profile,FAIL,FAIL,FAIL,guide_image_large_difference,6,6,0,0.089979,0.837323,0.069091,0,2,0,0.0,0.0,,0.0,0.0,좌측 그림이 아예 다름,"안내 그림의 넓은 영역에서 구조 차이가 검출됨: area=0.089979, roi_count=6"
15-67,15-67.png,text_list,text_list_profile,PASS,PASS,PASS,within_tolerance,19,19,0,0.04353,0.904422,-0.224961,0,1,0,0.0,0.0,,0.0,0.0,사람 기준 통과 가능,선택된 카테고리의 PASS 허용 임계값 이내
16-17,16-17.png,card_ui,card_ui_profile,PASS,PASS,PASS,within_tolerance,11,11,0,0.029655,0.922324,0.084684,0,0,0,0.0,0.0,,0.000822,0.042334,사람 기준 통과 가능,선택된 카테고리의 PASS 허용 임계값 이내
16-19,16-19.png,card_ui,card_ui_profile,PASS,PASS,PASS,within_tolerance,11,11,0,0.029782,0.921392,0.084684,0,0,0,0.0,0.0,,0.000822,0.042334,사람 기준 통과 가능,선택된 카테고리의 PASS 허용 임계값 이내
16-4,16-4.png,card_ui,card_ui_profile,PASS,PASS,PASS,within_tolerance,10,10,0,0.029922,0.928968,0.084684,0,0,0,0.0,0.0,,0.000156,0.0,사람 기준 통과 가능,선택된 카테고리의 PASS 허용 임계값 이내
18-3,18-3.png,popup,popup_profile,FAIL,FAIL,FAIL,popup_gradient_color_difference,1,1,0,0.181094,0.892283,0.610803,0,1,0,0.0,0.0,,0.212448,0.843904,"팝업 그라데이션 색, 게이지 위치, 글씨 전체 위치 다름","팝업의 보라색 그라데이션 영역에서 색 분포 차이가 검출됨: area_delta=0.212448, histogram_distance=0.843904"
18-4,18-4.png,popup,popup_profile,FAIL,FAIL,FAIL,popup_gradient_color_difference,1,1,0,0.181294,0.89181,0.609012,0,0,0,0.0,0.0,,0.212201,0.843833,"팝업 그라데이션 색, 게이지 위치, 글씨 전체 위치 다름","팝업의 보라색 그라데이션 영역에서 색 분포 차이가 검출됨: area_delta=0.212201, histogram_distance=0.843833"
18-5,18-5.png,popup,popup_profile,FAIL,FAIL,FAIL,popup_gradient_color_difference,1,1,0,0.167472,0.915255,0.649766,0,0,0,0.0,0.0,,0.226245,0.845894,"팝업 그라데이션 색, 게이지 위치, 글씨 전체 위치 다름","팝업의 보라색 그라데이션 영역에서 색 분포 차이가 검출됨: area_delta=0.226245, histogram_distance=0.845894"
2-11,2-11.png,popup,popup_profile,PASS,PASS,PASS,no_difference,0,0,0,0.0,1.0,1.0,0,0,0,0.0,0.0,,0.0,0.0,사람 기준 통과 가능,차이 ROI가 검출되지 않음
2-14,2-14.png,popup,popup_profile,PASS,PASS,PASS,no_difference,0,0,0,0.0,1.0,1.0,0,0,0,0.0,0.0,,0.0,0.0,사람 기준 통과 가능,차이 ROI가 검출되지 않음
2-21,2-21.png,popup,popup_profile,PASS,PASS,PASS,within_tolerance,1,1,0,0.002655,0.980581,0.142321,0,0,0,0.0,0.0,,0.0,0.0,사람 기준 통과 가능,선택된 카테고리의 PASS 허용 임계값 이내
2-30,2-30.png,popup,popup_profile,PASS,PASS,PASS,no_difference,0,0,0,0.0,1.0,1.0,0,0,0,0.0,0.0,,0.0,0.0,사람 기준 통과 가능,차이 ROI가 검출되지 않음
2-39,2-39.png,popup,popup_profile,PASS,PASS,PASS,within_tolerance,1,1,0,0.016035,0.972627,0.498444,0,0,0,0.0,0.0,,0.0,0.0,사람 기준 통과 가능,선택된 카테고리의 PASS 허용 임계값 이내
2-40,2-40.png,popup,popup_profile,PASS,PASS,PASS,within_tolerance,1,1,0,0.015964,0.972717,0.500092,0,0,0,0.0,0.0,,0.0,0.0,사람 기준 통과 가능,선택된 카테고리의 PASS 허용 임계값 이내
2-8,2-8.png,popup,popup_profile,PASS,PASS,PASS,no_difference,0,0,0,0.0,1.0,1.0,0,0,0,0.0,0.0,,0.0,0.0,사람 기준 통과 가능,차이 ROI가 검출되지 않음
3-1,3-1.png,card_ui,card_ui_profile,PASS,PASS,PASS,within_tolerance,6,6,0,0.045275,0.904622,0.188701,0,0,0,0.0,0.0,,0.006401,0.161424,사람 기준 통과 가능,선택된 카테고리의 PASS 허용 임계값 이내
3-2,3-2.png,card_ui,card_ui_profile,PASS,PASS,PASS,within_tolerance,1,1,0,0.023844,0.923072,0.356591,0,0,0,0.0,0.0,,0.002004,0.344751,사람 기준 통과 가능,선택된 카테고리의 PASS 허용 임계값 이내
3-23,3-23.png,card_ui,card_ui_profile,PASS,PASS,PASS,within_tolerance,1,1,0,0.049233,0.900768,0.411217,0,0,0,0.0,0.0,,0.0,0.0,움직이는 카드 배경 차이는 검사에서 제외,선택된 카테고리의 PASS 허용 임계값 이내
3-25,3-25.png,card_ui,card_ui_profile,PASS,PASS,PASS,within_tolerance,1,1,0,0.00238,0.985607,0.732802,0,0,0,0.0,0.0,,3.3e-05,0.114808,사람 기준 통과 가능,선택된 카테고리의 PASS 허용 임계값 이내
3-26,3-26.png,text_list,text_list_profile,PASS,PASS,PASS,within_tolerance,24,24,0,0.017438,0.965452,0.32379,0,2,0,0.0,0.0,,0.0,0.0,사람 기준 통과 가능,선택된 카테고리의 PASS 허용 임계값 이내
3-27,3-27.png,text_list,text_list_profile,PASS,PASS,PASS,no_difference,0,0,0,0.0,1.0,1.0,0,0,0,0.0,0.0,,0.0,0.0,사람 기준 통과 가능,차이 ROI가 검출되지 않음
4-1,4-1.png,setting_control,setting_control_profile,FAIL,FAIL,PASS,no_difference,0,0,0,0.0,1.0,1.0,0,0,0,0.0,0.0,,0.0,0.0,60°C 글씨 색 희미함,차이 ROI가 검출되지 않음
4-20,4-20.png,setting_control,setting_control_profile,PASS,PASS,PASS,within_tolerance,10,10,0,0.0546,0.905211,0.152828,0,0,0,0.0,0.0,,0.0,0.0,사람 기준 통과 가능,선택된 카테고리의 PASS 허용 임계값 이내
4-3,4-3.png,setting_control,setting_control_profile,PASS,PASS,PASS,no_difference,0,0,0,0.0,1.0,1.0,0,0,0,0.0,0.0,,0.0,0.0,사람 기준 통과 가능,차이 ROI가 검출되지 않음
4-43,4-43.png,setting_control,setting_control_profile,PASS,PASS,PASS,within_tolerance,10,10,0,0.0546,0.90579,0.152828,0,0,0,0.0,0.0,,0.0,0.0,사람 기준 통과 가능,선택된 카테고리의 PASS 허용 임계값 이내
4-8,4-8.png,setting_control,setting_control_profile,FAIL,FAIL,PASS,no_difference,0,0,0,0.0,1.0,1.0,0,0,0,0.0,0.0,,0.0,0.0,상단 좌측 글씨 아예 빠짐,차이 ROI가 검출되지 않음
4-9,4-9.png,setting_control,setting_control_profile,FAIL,FAIL,PASS,no_difference,0,0,0,0.0,1.0,1.0,0,0,0,0.0,0.0,,0.0,0.0,상단 좌측 글씨 아예 빠짐,차이 ROI가 검출되지 않음
5-22,5-22.png,popup,popup_profile,PASS,PASS,PASS,within_tolerance,2,2,0,0.007752,0.986078,0.141483,0,0,0,0.0,0.0,,0.0,0.0,사람 기준 통과 가능,선택된 카테고리의 PASS 허용 임계값 이내
5-24,5-24.png,popup,popup_profile,PASS,PASS,PASS,within_tolerance,2,2,0,0.007752,0.986078,0.141483,0,0,0,0.0,0.0,,0.0,0.0,사람 기준 통과 가능,선택된 카테고리의 PASS 허용 임계값 이내
7-12,7-12.png,card_ui,card_ui_profile,PASS,PASS,PASS,within_tolerance,1,1,0,0.023215,0.926423,0.386041,0,0,0,0.0,0.0,,0.002118,0.345619,사람 기준 통과 가능,선택된 카테고리의 PASS 허용 임계값 이내
7-5,7-5.png,card_ui,card_ui_profile,PASS,PASS,PASS,within_tolerance,6,6,0,0.045078,0.911587,0.245126,0,0,0,0.0,0.0,,0.00638,0.160959,사람 기준 통과 가능,선택된 카테고리의 PASS 허용 임계값 이내
8-1,8-1.png,status_time,status_time_profile,PASS,PASS,PASS,within_tolerance,2,2,0,0.006676,0.986705,0.214317,0,0,0,0.0,0.0,,0.0,0.0,사람 기준 통과 가능,선택된 카테고리의 PASS 허용 임계값 이내
8-10,8-10.png,status_time,status_time_profile,PASS,PASS,PASS,within_tolerance,8,8,0,0.044666,0.930072,0.177331,0,1,0,0.0,0.0,,0.0,0.0,사람 기준 통과 가능,선택된 카테고리의 PASS 허용 임계값 이내
8-3,8-3.png,status_time,status_time_profile,PASS,PASS,PASS,no_difference,0,0,0,0.0,1.0,1.0,0,0,0,0.0,0.0,,0.0,0.0,사람 기준 통과 가능,차이 ROI가 검출되지 않음
8-7,8-7.png,status_time,status_time_profile,PASS,PASS,PASS,no_difference,0,0,0,0.0,1.0,1.0,0,0,0,0.0,0.0,,0.0,0.0,사람 기준 통과 가능,차이 ROI가 검출되지 않음
